feature,importance
lag_1h_demand,0.8475803633224244
rolling_3h_mean_demand,0.07853257236211285
hour_0,0.019759447923059288
PULocationID_132,0.00670719419376057
hour_3,0.00437237748969872
lag_24h_demand,0.002979268888863099
PULocationID_79,0.002544015294492329
is_peak_hour,0.0024031257147705525
day_of_week_4,0.0020098030598017023
hour_5,0.0018394000942027308
hour_14,0.0018180850947127304
day_of_week_3,0.001790401578323809
day_of_month,0.0017662903832610054
hour_4,0.001581362998350431
hour_12,0.001502023115581928
hour_15,0.001487229079072398
hour_2,0.0014324979116643434
hour_11,0.0013576236330859776
PULocationID_161,0.00122489339223697
hour_9,0.0012069402267788118
hour_10,0.0012025083688341803
hour_1,0.0010727905710233613
hour_13,0.001004503852471532
PULocationID_138,0.0009737014084173204
hour_23,0.0009413865304488219
PULocationID_236,0.0006988707088204784
PULocationID_43,0.0006509288606116097
PULocationID_142,0.0005682977768326444
PULocationID_230,0.000522781241198092
hour_21,0.0005033685932997511
hour_22,0.0004988389075137908
hour_17,0.00045855524758111823
PULocationID_186,0.00045421083867256193
hour_16,0.00041418420634425283
hour_7,0.00036703070916009107
PULocationID_48,0.0003656437028448237
hour_19,0.00035103026005208854
hour_8,0.0003325679869802492
hour_20,0.0002924504185269309
hour_18,0.00028798549635284076
PULocationID_234,0.00028385472986274934
PULocationID_239,0.00027642240884558593
PULocationID_170,0.0002515719151043289
PULocationID_162,0.0002364643996993068
PULocationID_237,0.00020212635148374674
PULocationID_148,0.00019874515327068614
PULocationID_90,0.00018252435400051715
PULocationID_249,0.00018122605736304868
PULocationID_107,0.00017771844975738901
PULocationID_68,0.00015801633605267223
PULocationID_100,0.00015518881648851873
PULocationID_263,0.0001370611875201776
PULocationID_163,0.00013495834932288585
hour_6,0.00012641076910018532
PULocationID_141,0.00012113109090085812
PULocationID_246,0.00011086487291915616
PULocationID_164,0.00010974864223930841
PULocationID_114,8.765760258487079e-05
PULocationID_137,7.699476136351144e-05
PULocationID_229,7.405479604659146e-05
PULocationID_188,7.093696964801256e-05
PULocationID_262,6.535564193864654e-05
PULocationID_140,6.16567845739118e-05
PULocationID_144,5.275302820932803e-05
PULocationID_211,4.4257377344656986e-05
PULocationID_70,4.08330920245211e-05
PULocationID_143,3.917508446588033e-05
PULocationID_261,3.4709295650924704e-05
PULocationID_238,3.4392329207578324e-05
PULocationID_231,3.081242676423265e-05
PULocationID_113,3.059891864742322e-05
PULocationID_256,2.9187457381508952e-05
PULocationID_75,2.7169476719180777e-05
PULocationID_125,2.3906308546764884e-05
PULocationID_151,2.3241484007608823e-05
PULocationID_233,2.1546130789133857e-05
PULocationID_158,1.8450018827814214e-05
PULocationID_88,1.8299683159300108e-05
PULocationID_24,1.5747986026500053e-05
PULocationID_50,1.2582794521282156e-05
PULocationID_209,1.234020705651602e-05
PULocationID_74,1.0698685535958028e-05
PULocationID_42,1.0513929912332483e-05
PULocationID_166,8.256671771175064e-06
PULocationID_45,8.134570684328563e-06
PULocationID_232,8.108635602307038e-06
PULocationID_13,7.961937407232391e-06
PULocationID_224,7.849572370470873e-06
PULocationID_66,7.534026670806374e-06
PULocationID_87,7.184131000415646e-06
PULocationID_264,6.945207206479115e-06
PULocationID_4,5.835891481785262e-06
PULocationID_226,5.80434942936495e-06
PULocationID_41,4.703481730076232e-06
PULocationID_97,3.979009443866256e-06
PULocationID_225,3.2194532158155293e-06
PULocationID_255,2.8666737322517247e-06
PULocationID_12,2.8460870789118556e-06
PULocationID_35,2.163236925495183e-06
PULocationID_112,1.9291151450190147e-06
PULocationID_76,1.9002287763846176e-06
PULocationID_244,1.8797089643635593e-06
PULocationID_116,1.627379502593721e-06
PULocationID_181,1.6189775022397889e-06
PULocationID_145,1.6079824088784151e-06
PULocationID_7,1.4546353959155844e-06
PULocationID_152,1.4285821669332665e-06
PULocationID_61,1.3110734392148598e-06
PULocationID_37,1.2502807542878546e-06
PULocationID_80,1.0121420491262469e-06
PULocationID_243,9.811918364310784e-07
PULocationID_72,8.207809626274409e-07
PULocationID_65,8.172946678924485e-07
PULocationID_89,7.20750387948812e-07
PULocationID_129,7.096856118079466e-07
PULocationID_10,7.010478926871598e-07
PULocationID_182,6.267280372194113e-07
PULocationID_33,5.737441005400749e-07
PULocationID_216,5.564913254507871e-07
PULocationID_117,5.315239633500671e-07
PULocationID_235,5.212661396489697e-07
PULocationID_159,5.199060626443584e-07
PULocationID_146,5.190906547948838e-07
PULocationID_39,4.886973113368277e-07
PULocationID_130,4.658375695614083e-07
PULocationID_69,4.5041052667453963e-07
PULocationID_94,4.4500147095567187e-07
PULocationID_91,4.2570429231376235e-07
PULocationID_78,4.1849309700048836e-07
PULocationID_71,3.979262757261823e-07
PULocationID_219,3.943657038412549e-07
PULocationID_213,3.7527486416597787e-07
PULocationID_82,3.3794017408367247e-07
PULocationID_17,3.2246969035310706e-07
PULocationID_18,3.0962408961780963e-07
PULocationID_223,2.850976509268109e-07
PULocationID_254,2.605616696536308e-07
PULocationID_260,2.603019495364811e-07
PULocationID_168,2.592665044550348e-07
PULocationID_215,2.5881664756955935e-07
PULocationID_36,2.529174202733867e-07
PULocationID_196,2.3755131241187334e-07
PULocationID_95,2.3525006979476535e-07
PULocationID_49,2.3089547797826372e-07
PULocationID_26,2.3012976040006154e-07
PULocationID_55,2.1309715147336803e-07
PULocationID_119,2.0792729980273146e-07
PULocationID_155,1.9226868924116735e-07
PULocationID_177,1.844044445267906e-07
PULocationID_210,1.8268916711573795e-07
PULocationID_167,1.5230066211027347e-07
PULocationID_86,1.3969188879446245e-07
PULocationID_174,1.3833795631422202e-07
PULocationID_51,1.374788727197096e-07
PULocationID_198,1.3682116065107058e-07
PULocationID_179,1.3332353714416733e-07
PULocationID_212,1.3285400297283853e-07
PULocationID_265,1.3204123701228425e-07
PULocationID_205,1.2629172539964413e-07
PULocationID_195,1.2301509947273074e-07
PULocationID_25,1.2248495918195624e-07
PULocationID_85,1.1463593388816192e-07
PULocationID_218,1.0906075875981066e-07
PULocationID_259,1.0480048286061132e-07
PULocationID_202,1.0412718685303383e-07
PULocationID_126,9.66090103213369e-08
PULocationID_21,9.530494657187533e-08
PULocationID_56,9.258881419663651e-08
PULocationID_197,8.78589134335631e-08
PULocationID_185,8.347651242279981e-08
PULocationID_19,8.205035729675915e-08
PULocationID_222,7.862278746031022e-08
PULocationID_124,7.553947112726765e-08
PULocationID_217,7.474550034816802e-08
PULocationID_220,7.439917204934248e-08
PULocationID_127,6.518529124650168e-08
PULocationID_178,6.337552910595839e-08
PULocationID_165,6.322884487754758e-08
PULocationID_169,6.261869030659868e-08
PULocationID_22,6.160448200795592e-08
PULocationID_34,6.126365228828255e-08
PULocationID_92,5.671782542186002e-08
PULocationID_241,5.630917114064427e-08
PULocationID_28,5.333086230060181e-08
PULocationID_136,4.978492141763169e-08
PULocationID_63,4.7932551669456304e-08
PULocationID_16,4.7738129373603924e-08
PULocationID_131,4.6823742723700715e-08
PULocationID_47,4.61968178512367e-08
PULocationID_133,4.4052070559769603e-08
PULocationID_208,4.282953377308904e-08
PULocationID_228,4.17080170128256e-08
PULocationID_29,3.8391815544500884e-08
PULocationID_77,3.7101104361111734e-08
PULocationID_160,3.6066960712500956e-08
PULocationID_191,3.291172725069026e-08
PULocationID_93,2.860988473878281e-08
PULocationID_180,2.7977384954579562e-08
PULocationID_193,2.679548059713258e-08
PULocationID_62,2.640609754668851e-08
PULocationID_101,2.467504437063627e-08
PULocationID_194,2.3072844395271072e-08
PULocationID_247,2.0761127195179278e-08
PULocationID_250,1.9657150835151285e-08
PULocationID_121,1.7659212639929545e-08
PULocationID_123,1.632545107644813e-08
PULocationID_248,1.5399134200649864e-08
PULocationID_200,1.497201336221479e-08
PULocationID_183,1.4193763324966751e-08
PULocationID_227,1.3914306162113516e-08
PULocationID_53,1.1702693337394565e-08
PULocationID_60,1.0769049611146541e-08
PULocationID_83,1.0029694980728045e-08
PULocationID_32,9.441649556371919e-09
PULocationID_81,8.569211189520803e-09
month_12,7.785909241499283e-09
PULocationID_149,7.236796060569616e-09
PULocationID_11,5.892244821073017e-09
PULocationID_67,5.757187863238376e-09
PULocationID_14,5.6012907046436935e-09
PULocationID_157,4.567936129101249e-09
PULocationID_20,3.748160816333381e-09
PULocationID_128,3.2947471811157383e-09
PULocationID_203,2.7848302739452515e-09
PULocationID_189,2.751741290876164e-09
PULocationID_134,2.6585577347787043e-09
PULocationID_147,2.240124848349359e-09
PULocationID_73,2.1024870002307864e-09
PULocationID_242,1.7478317313065094e-09
month_1,1.1464145846186764e-09
PULocationID_171,8.718537441069852e-10
PULocationID_38,8.207521813591208e-10
PULocationID_98,5.01231232656536e-10
PULocationID_52,2.813939944043239e-10
PULocationID_106,2.438301308243952e-10
PULocationID_1,2.070569181784485e-10
PULocationID_122,1.328312764031984e-10
PULocationID_6,0.0
PULocationID_150,0.0
PULocationID_139,0.0
PULocationID_135,0.0
PULocationID_118,0.0
PULocationID_108,0.0
PULocationID_109,0.0
PULocationID_15,0.0
PULocationID_96,0.0
PULocationID_153,0.0
PULocationID_64,0.0
PULocationID_206,0.0
PULocationID_190,0.0
PULocationID_192,0.0
PULocationID_173,0.0
PULocationID_175,0.0
PULocationID_176,0.0
PULocationID_207,0.0
PULocationID_240,0.0
PULocationID_245,0.0
PULocationID_57,0.0
PULocationID_221,0.0
PULocationID_54,0.0
PULocationID_58,0.0
PULocationID_23,0.0
PULocationID_253,0.0
PULocationID_252,0.0
PULocationID_40,0.0
PULocationID_257,0.0
PULocationID_258,0.0
PULocationID_3,0.0
day_of_week_2,0.0
is_weekend,0.0
